new	uri	possible URI	headword.en	headword.syr	Unidentified places	placeType	abstract.en	sourceURI.abstract.en	citedRange.abstract.en	name1.en	sourceURI.name 1	citedRange.name1	name2.syr	sourceURI.name2	citedRange.name2	citationUnit.name2	name3.syr	sourceURI.name3	citedRange.name3	citationUnit.name3	name4.gr	sourceURI.name4	citedRange.name4	name5.fr	sourceURI.name5	citedRange.name5	name6.de	sourceURI.name6	citedRange.name6	relation2.containedWithin	relation3.containedWithin	idno	idno	gps1	sourceURI.gps1	citedRange.gps1	citationUnit.gps1
	8		Amida	ܐܡܕܐ		settlement							ܐܡܕܐ	9KL93RUC	50; 310; 331; 338#3.1.41; 3.6.14; 3.6.27; 3.6.34	p#ch																					
	10		Antioch	ܐܢܛܝܟܝܐ		settlement							ܐܢܛܝܘܟܝܐ	9KL93RUC	9; 19; 49; 50; 50; 51; 52; 66; 119; 146; 155; 156; 157; 157; 158; 160; 174; 190; 191; 196; 200; 201; 202; 204; 211; 222; 222; 223; 225; 227; 228; 252; 267; 267; 268; 276; 283; 284; 292; 314; 315; 321; 328#3.1.10; 3.1.17; 3.1.40; 3.1.41; 3.1.42; 3.2.8; 3.3.19; 3.3.27; 3.3.28; 3.3.29; 3.3.30; 3.3.31; 3.3.40; 3.4.10; 3.4.12; 3.4.15; 3.4.16; 3.4.17; 3.4.31; 3.4.41; 3.4.44; 3.4.45; 3.5.17; 3.6.4; 3.6.6; 3.6.19; 3.6.22; 3.6.26	p#ch	ܡܕܝܢܬܐ	9KL93RUC	#REF!	p#ch											486						
	11		Apamea	ܐܦܡܝܐ		settlement							ܐܦܡܝܐ	9KL93RUC	275; 292; 293; 314; 315; 338#3.6.6; 3.6.19; 3.6.34	p#ch	ܡܕܝܢܬܐ	9KL93RUC	#REF!	p#ch											486						
	40		Bostra	ܒܘܣܛܪܐ		settlement							ܒܘܣܛܪܐ	9KL93RUC	177#3.3.42	p#ch																					
	55		Cilicia	ܩܝܠܝܩܝܐ		region							ܩܝܠܝܩܝܐ	9KL93RUC	9; 42; 205; 244; 253; 255; 256; 259; 262#3.1.10; 3.1.31; 3.4.19; 3.4.56; 3.5.1; 3.5.3; 3.5.4; 3.5.7; 3.5.12	p#ch																					
	58		Ctesiphon			settlement	Ctesiphon was the imperial capital of the Sasanian Empire. Joh. Eph., EH 3.40 and 6.10 does not use the name Ctesiphon, but refers to it as the 'royal city'.	N42AM4Q2	436	Ctesiphon	N42AM4Q2	436	ܡܕܝܢܬ ܡܠܟܘܬܐ	9KL93RUC	174; 302#3.3.40; 3.6.10	p#ch																893976	https://en.wikipedia.org/wiki/Ctesiphon	33.094703, 44.5812226667	https://pleiades.stoa.org/places/893976		
	60		Caesarea	ܩܣܪܝܐ		settlement							ܩܣܪܝܐ	9KL93RUC	71; 86; 297; 298#3.2.10; 3.2.24; 3.6.8	p#ch																					
	67		Dara	ܕܪܐ		settlement	Located in Roman Mesopotamia close to the Persian border, Dara was built by the emperor Anastasius in the early 6th century as a fortress city to confront the Persian stronghold of Nisibis. The fall of the city to the Persians in 573 reportedly triggered Justin's lapse into madness. The Persian siege of the city is described in Joh. Eph., EH 6.5.	N42AM4Q2	456-457	Dara	N42AM4Q2	456-457	ܕܪܐ	9KL93RUC	275; 287; 292; 293; 297; 306; 308; 309; 314; 315; 318; 320; 338#3.6.5; 3.6.6; 3.6.8; 3.6.12; 3.6.13; 3.6.19; 3.6.21; 3.6.34	p#ch	ܡܕܝܢܬܐ	9KL93RUC	#REF!	p#ch												874444	https://en.wikipedia.org/wiki/Dara_(Mesopotamia)	37.1783845, 40.948011	https://pleiades.stoa.org/places/874444		
	78		Edessa	ܐܘܪܗܝ		settlement							ܐܘܪܗܝ	9KL93RUC	119; 155; 157; 165; 313#3.3.27; 3.3.28; 3.3.29; 3.3.33; 3.6.17	p#ch	ܡܕܝܢܬܐ	9KL93RUC	#REF!	p#ch																	
	82		Euphrates	ܦܪܬ		river							ܦܪܬ	9KL93RUC	215; 300; 301#3.4.35; 3.6.9	p#ch																					
	90		Hakkari	ܩܪ̈ܚܐ		region	The mountainous region of Hakkari in what is today southeast Turkey is also known as Qarhe in Syriac and mentioned in Joh. Eph., EH 6.9.	7WE2F3KF	201	Hakkari	7WE2F3KF	201	ܩܪ̈ܚܐ	9KL93RUC	302#3.6.9	p#ch																					
	104		Jerusalem	ܐܘܪܫܠܡ		settlement							ܐܘܪܫܠܡ	9KL93RUC	5; 6; 44; 57; 167#3.1.4; 3.1.32; 3.2.3; 3.3.35	p#ch																					
	109		Kallinikos	ܩܐܠܘܢܝܩܝ		settlement							ܩܠܝܢܝܩܘܣ	9KL93RUC	51; 228#3.1.41; 3.4.45	p#ch																					
	134		Maypherqat	ܡܝܦܪܩܛ		settlement							ܡܝܦܪܩܛ	9KL93RUC	310; 331; 338; 339#3.6.14; 3.6.27; 3.6.34; 3.6.36	p#ch															576						
	136		Melitene	ܡܝܠܝܛܝܢܐ		settlement							ܡܝܠܝܛܝܢܐ	N42AM4Q2	252; 269; 270; 275; 300; 301#3.5.19; 3.6.8; 3.6.9	p#ch																					
	142		Nisibis	ܢܨܝܒܝܢ		settlement							ܢܨܝܒܝܢ	9KL93RUC	278; 279; 287; 288; 314; 328; 338#3.6.2; 3.6.5; 3.6.19; 3.6.26; 3.6.34	p#ch	ܡܕܝܢܬܐ	9KL93RUC	#REF!	p#ch																	
	145		Osrhoene	ܐܙܪܘܐܝܢܐ		region							ܐܙܪܘܐܝܢܐ	9KL93RUC	313#3.6.17	p#ch															1452						
	150		Persian Empire	ܡܠܟܘܬܐ ܕܦܪ̈ܣܝܐ		state							ܡܠܟܘܬܐ ܕܦܪ̈ܣܝܐ	9KL93RUC	84; 299#3.2.21; 3.6.8	p#ch																					
	165		Sergiopolis	ܪܨܦܐ		settlement	The city of Rusafa in the Syrian desert became known as Sergiopolis in Late Antiquity because of the martyr Sergius. Joh. Eph., EH 6.4 refers to it under its former name Rusafa.	N42AM4Q2	1360-1361	Sergiopolis	N42AM4Q2	1360-1361	ܪܨܦܐ	9KL93RUC	285#3.6.4	p#ch															486						
	166		Roman Empire	ܡܠܟܘܬܐ ܕܪ̈ܗܘܡܝܐ		state							ܡܠܟܘܬܐ ܕܪ̈ܗܘܡܝܐ	9KL93RUC	307; 325; 333#3.6.12; 3.6.24; 3.6.29	p#ch	ܡܠܟܘܬܐ ܕܟܪ̈ܣܛܝܢܐ	9KL93RUC	#REF!	p#ch																	
	172		Resh'aina	ܪܝܫܥܝܢܐ		settlement							ܪܝܫܥܝܢܐ	9KL93RUC	308; 313; 328#3.6.13; 3.6.17; 3.6.26	p#ch																					
	178		Samosata	ܫܡܝܫܛ		settlement							ܫܡܝܫܛܝܐ (used as adjective)	9KL93RUC	17; 21#3.1.16; 3.1.18	p#ch																					
	185		Shura	ܫܘܪܐ		settlement	Shura was a fortress town in the province of Syria Euphratensis west of Callinicum.	N42AM4Q2	1429	Sura	N42AM4Q2	1429	ܫܘܪܐ ܕܪܡ	9KL93RUC	23; 328#3.1.19; 3.6.26	p#ch															486	668376	https://en.wikipedia.org/wiki/Sura,_Syria	38.7721570, 35.8918711	https://pleiades.stoa.org/places/668376		
	195		Tyre	ܨܘܪ		settlement							ܨܘܪ	9KL93RUC	209#3.4.22	p#ch																					
	200		Tella	ܬܠܐ		settlement							ܬܠܐ	9KL93RUC	50; 276; 308; 309; 313; 238#3.1.41; 3.6.13; 3.6.17; 3.6.26	p#ch	ܡܕܝܢܬܐ	9KL93RUC	#REF!	p#ch											486						
	202		Tigris	ܕܩܠܬ		river							ܕܩܠܬ	9KL93RUC	311#3.6.15	p#ch																					
	214		Hawran	ܚܘܪܝܢ		region	Hawran, also called Haurin, is a mountainous region in southern Syria. Joh. Eph., EH 3.40, mentions that Magnus, an official who held high ranks under Justin II and Tiberius, was a native of this region.	N42AM4Q2 	180	Auranitis	N42AM4Q2 	180	ܚܘܪܝܢ	9KL93RUC	174#3.3.40	p#ch															486	678041	https://en.wikipedia.org/wiki/Hauran	32.7335787681, 36.5348059738	https://pleiades.stoa.org/places/678041		
	216		Harran	ܚܪܢ		settlement							ܚܪܢ	9KL93RUC	313#3.6.17	p#ch															1452						
	219		Hirta	ܚܝܪܬܐ		settlement							ܚܝܪܬܐ	9KL93RUC	286; 287#3.6.4	p#ch	ܚܝܪܬܗܘܢ	9KL93RUC	#REF!	p#ch																	
	226		Qartmin, Monastery of	ܕܝܪܐ ܕܩܪܬܡܝܢ		monastery							ܕܝܪܐ ܕܩܪܬܡܝܢ	9KL93RUC	213; 214#3.4.33	p#ch																					
	285		Arzun	ܐܪܙܘܢ		settlement	Arzun was the capital of the Armenian districut of Arzanene on the border zone between the Armenian highlands and upper Mesopotamia. Joh. Eph., EH 6.34, records the Roman conquest of the city in the early 580s.	N42AM4Q2	161	Arzen	N42AM4Q2	161	ܐܪܙܘܢ	9KL93RUC	276; 311; 331; 338#3.6.15; 3.6.27; 3.6.34	p#ch															576		https://en.wikipedia.org/wiki/Arzen	37.973889, 41.384722	https://geohack.toolforge.org/geohack.php?pagename=Arzen&params=37_58_26_N_41_23_05_E_type:fortress_region:TR-56		
	292		Amasia	ܐܡܣܝܐ		settlement	The capital of the province Helenopontus, Amaseia was the see of a metropolitan and an important center in Late Antique Asia Minor.	BJFJXJJE	74	Amaseia	BJFJXJJE	74	ܐܡܣܝܐ	9KL93RUC	51; 98#3.1.42; 3.2.31	p#ch																857018	https://en.wikipedia.org/wiki/Amasya	40.66680835, 35.82794385	https://pleiades.stoa.org/places/857018		
	9000	312	Tell Beshme	ܬܠܒܫܡܐ		settlement	A town in Roman Mesopotamia. Its surroundings were pillaged by the Persians under Adarmahan in the 570s, as recorded in Joh. Eph., EH 6.13.	9KL93RUC	308				ܬܠܒܫܡܐ	9KL93RUC	308#3.6.13	p#ch																874768		37.329794, 40.25866	https://pleiades.stoa.org/places/874768		
	351		Hanina, Monastery of Mar	ܕܝܪܐ ܕܒܝܬ ܡܪܝ ܚܢܝܢܐ		monastery	Founded in the second half of the fifth century by the eponymous monk, this anti-Chalcedonian monastery, located close to the cities Callinicum and Sura on the Euphrates, was the abode of the bishop John of Sura in the 560s and 570s, as is attested in Joh. Eph., EH 4.22. In 581, the episcopal ordination of Peter of Callinicum took place there.	SIUIHZRW	1305-1306				ܕܝܪܐ ܕܒܝܬ ܡܪܝ ܚܢܝܢܐ	9KL93RUC	209; 213#3.4.22; 3.4.32	p#ch											Mar Hnina	SIUIHZRW	1305		486						
	484		Theodosiopolis	ܬܐܕܐܘܣܦܘܠܝܣ		settlement	An important garrison town on the eastern border, the city was founded by Theodosius II in the first half of the 5th century. Its fortifications were further enlarged by Anastasius and Justinian, and it was the residence of the Roman military commander of Armenia. Joh. Eph., EH 2.20, mentions the patricius Justinian, a cousin of Justin II, in this role in the early 570s.	N42AM4Q2	1482-1483	Theodosiopolis	N42AM4Q2	1482	ܬܐܕܐܘܣܦܘܠܝܣ	9KL93RUC	84; 297; 310; 331#3.2.20; 3.6.8; 3.6.14; 3.6.27	p#ch					Θεοδοσιούπολις	BJFJXJJE	2054								576	874373	https://en.wikipedia.org/wiki/Erzurum#History	39.908079, 41.2757333333	https://pleiades.stoa.org/places/874373		
	486		Syria	ܣܘܪܝܐ		region							ܣܘܪܝܐ	9KL93RUC	6; 42; 50; 117; 166; 176; 190; 191; 193; 196; 199; 201; 202; 203; 204; 205; 207; 208; 221; 222; 226; 227; 231; 232; 246; 249; 252; 255; 260; 261; 297; 310; 330; 331#3.1.5; 3.1.31; 3.1.41; 3.2.52; 3.3.33; 3.3.42; 3.4.10; 3.4.11; 3.4.12; 3.4.14; 3.4.15; 3.4.16; 3.4.17; 3.4.18; 3.4.19; 3.4.20; 3.4.22; 3.4.40; 3.4.41; 3.4.43; 3.4.44; 3.4.47; 3.4.48; 3.4.57; 3.4.60; 3.5.3; 3.5.9; 3.6.8; 3.6.14; 3.6.27	p#ch																					
	503		Black Sea	ܝܡܐ ܕܦܢܛܘܣ		open-water							ܝܡܐ ܕܦܢܛܘܣ	9KL93RUC	336#3.6.31	p#ch																					
	526		Persia	ܦܪܣ		region							ܦܪܣ	9KL93RUC	310#3.6.14	p#ch																					
	563		Sinai, Mount	ܛܘܪ ܣܝܢܝ		mountain/monastery	An important Christian pilgrimage site in late antiquity as it was believed to be the place where Moses received the ten commandments from God. Justinian erected a fortified monastic complex between 548 and 565. Gregory, patriarch of Antioch from 570 to 592, was archimandrite of this monastery prior to his accession as patriarch.	N42AM4Q2	1388	Mount Sinai	N42AM4Q2	1388	ܛܘܪ ܣܝܢܝ	9KL93RUC	50#3.1.41	p#ch															715	746815	https://en.wikipedia.org/wiki/Mount_Sinai	28.58771, 33.921682	https://pleiades.stoa.org/places/746815		
	572		Alexandria	ܐܠܟܣܢܕܪܝܐ		settlement							ܐܠܟܣܢܕܪܝܐ	9KL93RUC	17; 19; 44; 49; 50; 51; 57; 111; 117; 143; 157; 160; 188; 190; 191; 192; 196; 197; 199; 201; 202; 203; 204; 205; 207; 213; 217; 218; 221; 222; 224; 225; 227; 228; 232; 238; 240; 243; 244; 246; 247; 249; 252; 256; 260#3.1.16; 3.1.17; 3.1.33; 3.1.40; 3.1.41; 3.1.42; 3.2.45; 3.2.51; 3.3.17; 3.3.29; 3.3.31; 3.4.9; 3.4.10; 3.4.11; 3.4.12; 3.4.13; 3.4.14; 3.4.15; 3.4.16; 3.4.17; 3.4.18; 3.4.20; 3.4.33; 3.4.36; 3.4.37; 3.4.38; 3.4.40; 3.4.41; 3.4.43; 3.4.44; 3.4.45; 3.4.48; 3.4.52; 3.4.53; 3.4.55; 3.4.56; 3.4.57; 3.4.58; 3.4.60; 3.5.5; 3.5.9	p#ch	ܡܕܝܢܬܐ	9KL93RUC	#REF!	p#ch											715						
	576		Armenia	ܐܪܡܢܝܐ		region							ܐܪܡܢܝܐ	9KL93RUC	81; 85; 86; 87; 205; 275; 276; 297; 301; 305; 308; 309; 310; 330; 332#3.2.19; 3.2.22; 3.2.23; 3.2.24; 3.4.19; 3.6.8; 3.6.9; 3.6.11; 3.6.12; 3.6.14; 3.6.27; 3.6.28	p#ch																					
	577		Heliopolis	ܐܝܠܝܦܘܠܝܣ		settlement	The city of Heliopolis, in Syriac-Armaic known as Baalbek, housed one of the largest pagan cult centres in the eastern Mediterranean. Among late antique Christian authors, it was famous for the obstinacy with which the majority of the inhabitants clung to pagan rites. For instance, Joh. Eph., EH 3.27 mentions the dispatch of the imperial official Theophilus in 579/80 to lead an investigation against pagans in the city.	N42AM4Q2 	706	Heliopolis	N42AM4Q2 	706	ܒܥܠܒܟ ܕܗ̣ܝ ܐܝܠܝܦܘܠܝܣ	9KL93RUC	154#3.3.27	p#ch																678179	https://en.wikipedia.org/wiki/Baalbek	34.0063794317, 36.2038547331	https://pleiades.stoa.org/places/678179		
	586		Constantinople	ܩܘܣܛܢܛܝܢܦܘܠܝܣ		settlement							ܩܘܣܛܢܛܝܢܦܘܠܝܣ	9KL93RUC	51; 87; 100; 186; 224; 277; 302; 305#3.1.42; 3.2.24; 3.2.34; 3.4.7; 3.4.41; 3.6.10; 3.6.11	p#ch	ܡܕܝܢܬ ܡܠܟܘܬܐ / ܡܕܝܢܬܐ	9KL93RUC	#REF!	p#ch																	
	622		Chalcedon	ܟܠܩܕܘܢܐ		settlement							ܟܠܩܕܘܢܐ	9KL93RUC	9; 19; 20; 24; 26; 32; 34; 37; 50; 51; 74; 76; 77; 86; 101; 105; 110; 217; 272; 325; 334#3.1.10; 3.1.17; 3.1.18; 3.1.19; 3.1.20; 3.1.24; 3.1.27; 3.1.41; 3.1.42; 3.2.12; 3.2.13; 3.2.15; 3.2.23; 3.2.35; 3.2.39; 3.2.43; 3.4.37; 3.5.21; 3.6.24; 3.6.29	p#ch																					
	623		Ephesus	ܐܦܣܘܣ		settlement	A city in western Asia Minor.	N42AM4Q2	541	Ephesus	N42AM4Q2	541	ܐܦܣܘܣ	9KL93RUC	107; 141; 228; 258#3.2.41; 3.3.15; 3.4.45; 3.5.7	p#ch																599612	https://en.wikipedia.org/wiki/Ephesus	37.9407625, 27.340307	https://pleiades.stoa.org/places/599612		
	641		Rome	ܪܘܡܝ		settlement							ܪܗܘܡܐ	9KL93RUC	34; 49; 53; 56; 98; 99; 110; 254#3.1.24; 3.1.39; 3.2.2; 3.2.32; 3.2.43; 3.5.2	p#ch																					
	673		Arzanene	ܐܬܪܐ ܕܐܪ̈ܙܢܝܐ		region							ܐܬܪܐ ܕܐܪ̈ܙܢܝܐ	9KL93RUC	312; 338#3.6.15; 3.6.34	p#ch															576						
	674		Ascalon	ܐܫܩܠܘܢ		settlement							ܐܫܩܠܘܢ	9KL93RUC	43#3.1.32	p#ch																					
	677		Athens	ܐܬܢܘܣ		settlement							ܐܬܢܘܣ	9KL93RUC	254#3.5.2	p#ch																					
	698		Palestine	ܦܠܝܣܛܝܢܐ		region	A region in the southern Levant, in Late Antiquity subdivided in several provinces also called Palestine.	N42AM4Q2	1126-1127	Palestine	N42AM4Q2	1126	ܦܠܣܛܝܢܐ	9KL93RUC	42; 95; 154; 255#3.1.31; 3.2.29; 3.3.27; 3.5.3	p#ch																687995	https://en.wikipedia.org/wiki/Palestine_(region)	31.25, 34.75	https://pleiades.stoa.org/places/687995		
	714		Cyprus	ܩܘܦܪܘܣ		island	An island in the eastern Mediterranean, Cyprus was organised as a Roman province.	N42AM4Q2	442	Cyprus	N42AM4Q2	442	ܩܘܦܪܘܣ	9KL93RUC	16; 52; 56; 59; 244; 312; 331; 338#3.1.16; 3.2.3; 3.2.4; 3.4.55; 3.4.56; 3.6.15; 3.6.27; 3.6.34	p#ch																707498	https://en.wikipedia.org/wiki/Cyprus	34.9846265524, 33.1694273013	https://pleiades.stoa.org/places/707498		
	715		Egypt	ܐܓܝܦܛܘܣ		region	The region around the Nile valley, one of the richest and most fertile parts of the Roman Empire.	N42AM4Q2	525-529	Egypt	N42AM4Q2	525-529	ܐܓܝܦܛܘܣ	9KL93RUC	45; 50; 51; 183; 190; 198; 203; 208; 213; 214; 247#3.1.35; 3.1.41; 3.1.42; 3.4.6; 3.4.10; 3.4.13; 3.4.17; 3.4.22; 3.4.33; 3.4.34; 3.4.58	p#ch																981503	https://en.wikipedia.org/wiki/Roman_Egypt	16.1010829332, 31.4591482445	https://pleiades.stoa.org/places/981503/aegyptus		
	716		Arabia	ܐܪܒܝܐ		region	A region beyond the south-eastern borders of the Roman Empire, parts of it were incorporated in the empire and formed a province of the same name.	N42AM4Q2	111-114	Arabia	N42AM4Q2	111-114	ܐܪܒܝܐ	9KL93RUC	67; 176#3.2.8; 3.3.42	p#ch																29475	https://en.wikipedia.org/wiki/Arabian_Peninsula	14.9, 45.8	https://pleiades.stoa.org/places/29475/arabia		
	717		Beth Aramaye	ܒܝܬ ܐܪ̈ܡܝܐ		region	"The Syriac name ""the Land of the Arameans"" corresponded to the Persian province of Asorestan in central Mesopotamia, the region around Babylon."	N42AM4Q2	234	Beth Aramaye	N42AM4Q2	234	ܒܝܬ ܐܪ̈ܡܝܐ	9KL93RUC	174; 312#3.3.40; 3.6.16	p#ch																893958	https://en.wikipedia.org/wiki/Asoristan	32.8503500814, 44.9405753712	https://pleiades.stoa.org/places/893958/beth-aramaye		
	1452		Mesopotamia	ܡܣܦܛܡܝܐ		region							ܡܣܦܛܡܝܐ	9KL93RUC	310; 311#3.6.14	p#ch																					
	1472		Caria	ܩܪܝܐܐ		region							ܩܪܝܐ	9KL93RUC	14; 109; 111; 169#3.1.14; 3.2.42; 3.2.44; 3.3.36	p#ch																					
	1504		Sebasteia	ܣܒܣܛܝܐ		settlement	Sebasteia, modern Sivas, was the metropolis of the late Roman province of Armenia prima. In 575/6, it was sacked by a Persian army under Khosrow himself, as recorded in Joh. Eph., EH 6.8.	N42AM4Q2	1349-1350	Sebasteia	N42AM4Q2	1349	ܣܒܣܛܝܐ	9KL93RUC	298#3.6.8	p#ch															576	629075	https://en.wikipedia.org/wiki/Sivas	39.7490195, 37.016607	https://pleiades.stoa.org/places/629075/sebasteia		
	1525		Phrygia	ܦܪܘܓܝܐ		region							ܦܪܓܝܐ	9KL93RUC	111; 169#3.2.44; 3.36	p#ch																					
	1526		Lydia	ܠܘܕܝܐ		region							ܠܘܕܝܐ	9KL93RUC	15; 111; 169#3.1.15; 3.2.44; 3.3.36	p#ch																					
	1531		Pamphylia	ܦܡܦܘܠܝܐ		region	A region in the south of Asia minor, between Lycia and Cilicia.	N42AM4Q2	1132	Pamphylia	N42AM4Q2	1132	ܦܡܦܘܠܝܐ	9KL93RUC	252; 257#3.5.6	p#ch																639034	https://en.wikipedia.org/wiki/Pamphylia	36.921937827, 30.9479600355	https://pleiades.stoa.org/places/639034/pamphylia		
	2657		Corinth	ܩܘܪܢܬܘܣ		settlement	Located at the entrance to the Peloponnese, Corinth was the metropolis of the Roman province of Achaea.	N42AM4Q2	414-415	Corinth	N42AM4Q2	414-415	ܩܘܪܢܬܘܣ	9KL93RUC	254#3.5.2	p#ch																570182	https://en.wikipedia.org/wiki/Ancient_Corinth	37.9072987541, 22.8799302264	https://pleiades.stoa.org/places/570182/ancient-corinth		
	2673		Greece	ܐܠܐܕܐ		region	The region located at the southern end of the Balkan Peninsula.	N42AM4Q2 	678-680	Greece	N42AM4Q2 	678-680	ܐܠܐܕܐ	9KL93RUC	327#3.6.25	p#ch																1001896	https://en.wikipedia.org/wiki/Greece	37.5, 22.5	https://pleiades.stoa.org/places/1001896/ellas		
	9001	343	Bassos, Monastery of Mar	ܕܝܪܐ ܕܡܪܝ ܒܣ		monastery	This monastery was located in north-western Syria, about 30 km from Chalcis. The miaphysite bishop John of Chalcis probably resided there, as is recorded in Joh. Eph., EH 4.10.	SIUIHZRW	993-994				ܕܝܪܐ ܕܡܪܝ ܒܣ	9KL93RUC	189#3.4.10	p#ch											Kloster des Mar Bassos	SIUIHZRW	993		486			36.13024487311365, 36.73369977389633	SIUIHZRW	993-994	
	2716		Sirmium	ܣܪܡܝܢ		settlement	An important imperial residence close to the Danube in Pannonia in the 4th century, Sirmium fell to Gothic and Gepid groups in the 5th century. The Romans reconquered it in the late 560s, but it definitely fell to the Avars in the early 580s, as recorded in Joh. Eph., EH 6.32 and 33.	N42AM4Q2	1391-1392	Sirmium	N42AM4Q2	1391	ܣܪܡܝܢ	9KL93RUC	276; 327; 335; 336; 337#3.6.24; 3.6.30; 3.6.32; 3.6.33	p#ch	ܡܕܝܢܬܐ ܗ̇ܝ	9KL93RUC	#REF!	p#ch												207447	https://en.wikipedia.org/wiki/Sirmium	44.966447, 19.610106	https://pleiades.stoa.org/places/207447/sirmium		
	2740		Antioch in Caria	ܐܢܛܝܘܟ ܕܩܪܝܐܐ		settlement	A city in Caria in south-western Anatolia.	5NKETXXN	I, 765-766	Antioch on the Maeander	5NKETXXN	I, 765-766	ܐܢܛܝܘܟܝܐ (ܕܩܪܝܐ)	9KL93RUC	14; 109; 111#3.1.14; 3.2.42; 3.2.44	p#ch															1472	638748	https://en.wikipedia.org/wiki/Antioch_on_the_Maeander	28.5482213, 37.8712745	https://pleiades.stoa.org/places/638748/antiochia-ad-maeandrum		
	2742		Aphrodisias	ܐܦܪܘܕܝܣܝܕܐ		settlement	A city in Caria in south-western Anatolia.	N42AM4Q2	92	Aphrodisias	N42AM4Q2	92	ܐܦܪܘܕܝܣܝܕܐ	9KL93RUC	14; 109#3.1.14; 3.2.42	p#ch															1472	638753	https://en.wikipedia.org/wiki/Aphrodisias	37.7085832624, 28.7237779096	https://pleiades.stoa.org/places/638753/aphrodisias		
	2747		Asia	ܐܣܝܐ		region	A region in the western part of Anatolia, also the name of a Roman province.	N42AM4Q2	165	Asia	N42AM4Q2	165	ܐܣܝܐ	9KL93RUC	109; 111; 117; 166; 169; 205; 258#3.2.42; 3.2.44; 3.2.52; 3.3.33; 3.3.36; 3.4.19; 3.5.7	p#ch																991380	https://en.wikipedia.org/wiki/Asia_(Roman_province)	37.5, 27.5	https://pleiades.stoa.org/errata/991380		
	2758		Beth Urtaye	ܒܝܬ ܐܘܪ̈ܛܝܐ		region	The Syriac name for the region of Anzitene in southern Armenia. The miaphysite bishop George, mentioned in Joh. Eph., EH 4.10, hailed from this place.	N42AM4Q2	-	Anzitene	N42AM4Q2	-	ܐܘܪ̈ܛܝܐ	9KL93RUC	189; 310#3.4.10; 3.6.14	p#ch															576	874328	https://en.wikipedia.org/wiki/Antzitene	38.641856, 39.668324	https://pleiades.stoa.org/places/874328/anzitene		
	2758		Anzitene	ܗܢܙܝܛ		region	A region in southern Armenia, often called Beth Urtaye in Syriac. The miaphysite bishop George, mentioned in Joh. Eph., EH 4.10, hailed from this place.	N42AM4Q2	90	Anzitene	N42AM4Q2	90	ܐܘܪ̈ܛܝܐ	9KL93RUC	330#3.6.27	p#ch															576	874328	https://en.wikipedia.org/wiki/Antzitene	38.641856, 39.668324	https://pleiades.stoa.org/places/874328		
	2763		Cappadocia	ܩܦܕܘܩܝܐ		region	A region of central Anatolia which was subdivided in several provinces in Late Antiquity.	N42AM4Q2	290-291	Cappadocia	N42AM4Q2	290-291	ܩܦܕܘܩܝܐ	9KL93RUC	9; 49; 86; 87; 112; 117; 205; 253; 255; 269; 273; 275; 297; 298; 310; 330#3.1.10; 3.1.39; 3.2.24; 3.2.46; 3.2.52; 3.4.19; 3.5.3; 3.5.19; 3.5.22; 3.6.8; 3.6.14; 3.6.27	p#ch																628949	https://en.wikipedia.org/wiki/Cappadocia	39.25, 35.75	https://pleiades.stoa.org/places/628949/cappadocia		
	2765		Casion, Monastery of	ܕܝܪܐ ܕܩܣܝܢ		monastery	A monastery located on the seacoast, at the border between Egypt and Syria. Joh. Eph., EH 4.33, states that Jacob Burd'oyo and several of his companions died there in summer 578 when traveling to Egypt.	9KL93RUC	213-214				ܕܝܪܐ ܕܩܣܝܢ	9KL93RUC	213; 247#3.4.33; 3.4.58	p#ch															715	687872	https://en.wikipedia.org/wiki/Ras_Kouroun	31.2116, 33.0779	https://pleiades.stoa.org/places/687872		
	2793		Hormisda palace	ܦܠܛܝܢ ܕܗܘܪܡܝܙܕܐ		residence	An imperial palace in Constantinople, built in the 5th century directly to the south-west of the Great Palace.	VIKP2CT3	358-359	Palace of Hormisdas			ܦܠܛܝܢ ܕܗܘܪܡܝܙܕܐ	9KL93RUC	69; 132; 133; 167; 332#3.2.9; 3.3.7; 3.3.8; 3.3.35; 3.6.28	p#ch					τὰ Ὁρμίσδου	VIKP2CT3	358	Palais d'Hormisdas	VIKP2CT3	358	Hormisdas-Palast	JXLFRG5M	225	586			https://en.wikipedia.org/wiki/Boukoleon_Palace	41.003, 28.975	https://geohack.toolforge.org/geohack.php?pagename=Boukoleon_Palace&params=41_0_9_N_28_58_32_E_region:TR_type:landmark		
	2799		Isauria	ܐܝܣܘܪܝܐ		region	A mountainous region of southern Anatolia known for its warlike and often rebellious population.	N42AM4Q2	788	Isauria	N42AM4Q2	788	ܐܝܣܘܪܝܐ	9KL93RUC	9; 205; 231; 243; 244; 255; 256#3.1.10; 3.4.19; 3.4.47; 3.4.54; 3.4.56; 3.5.3; 3.5.4	p#ch																648653	https://en.wikipedia.org/wiki/Isauria	36.8834754557, 32.6486095674	https://pleiades.stoa.org/places/648653/isauria		
	2810		Libya	ܠܘܒܐ		region	The region of northern Africa to the east of Egypt, including the Cyrenaica.	N42AM4Q2	910	Libya	N42AM4Q2	910	ܠܘܒܐ	9KL93RUC	190; 198#3.4.10; 3.4.14	p#ch																716589	https://en.wikipedia.org/wiki/Ancient_Libya	30.8892199489, 26.473596095	https://pleiades.stoa.org/places/716589/libya-inferior		
	2819		Menas, monastery of	ܛܘܒܢܐ ܡܪܝ ܡܝܢܐ		monastery	A monastery and pilgrimage centre about 60 km south-west of Alexandria in the Mareotis region. During the 5th and 6th centuries, the monastery developed into one of the largest monastery complexes in Egypt.	N42AM4Q2	962	Abu Mina	N42AM4Q2	8	ܛܘܒܢܐ ܡܪܝ ܡܝܢܐ	9KL93RUC	190#3.4.10	p#ch															715	727105	https://en.wikipedia.org/wiki/Abu_Mena	30.841158, 29.662742	https://pleiades.stoa.org/places/727105		
	2847		Thebais	ܬܐܒܝܣ		region	One of the provinces into which Roman Egypt was subdivided, the Thebais formed the southern part of Egypt.	N42AM4Q2	1470	Thebais	N42AM4Q2	1470	ܬܐܒܝܣ	9KL93RUC	183; 186; 189; 198; 233#3.4.6; 3.4.7; 3.4.9; 3.4.13; 3.4.49	p#ch															715	786131	https://en.wikipedia.org/wiki/Thebaid	26.25, 32.75	https://pleiades.stoa.org/places/786131/thebais		
	2854		Thrace	ܬܪܩܝܐ		region	A region in south-eastern Europe, Thrace was in Late Antiquity the name of both a diocese and a province.	N42AM4Q2	1498	Thrace	N42AM4Q2	1498	ܬܪܩܝܐ	9KL93RUC	8; 97; 327#3.1.9; 3.2.30; 3.6.25	p#ch																501638	https://en.wikipedia.org/wiki/Thrace	41.5178303653, 26.9624137954	https://pleiades.stoa.org/places/501638/thracia		
	2857		Tralles	ܛܪܘܠܝܣ		settlement	An important city in Late Antiquity in the region of Caria in western Asia minor.	N42AM4Q2	1517	Tralles	N42AM4Q2	1517	ܛܪܘܠܝܣ	9KL93RUC	169; 171; 172#3.3.36; 3.3.37	p#ch	ܡܕܝܢܬܐ	9KL93RUC													1472	599987	https://en.wikipedia.org/wiki/Ayd%C4%B1n	37.8598379245, 27.8346031262	https://pleiades.stoa.org/places/599987		
	2933		Red Sea	ܝܡܐ ܕܣܘܦ		open-water	The sea between Egypt/Nubia and Arabia is mentioned in Joh. Eph., EH 4.51 and 53.	9KL93RUC	237				ܝܡܐ ܕܣܘܦ	9KL93RUC	237; 241#3.4.51; 3.4.53	p#ch																39290	https://en.wikipedia.org/wiki/Red_Sea	19.0, 39.5	https://pleiades.stoa.org/places/39290		
	3051		Africa	ܐܦܪܝܩܐ		region	Roman Africa was centred around its capital Carthage and one of the richest and most fertile regions of the empire.	N42AM4Q2	29-31	Africa	N42AM4Q2	29-31	ܐܦܪܝܩܐ	9KL93RUC	254#3.5.2	p#ch																775	https://en.wikipedia.org/wiki/Africa_(Roman_province)	32.5, 7.5	https://pleiades.stoa.org/places/775		
	3058		Trebizond	ܛܪܦܙܘܢܛܐ		settlement							ܬܪܦܙܘܢܛܐ	9KL93RUC	51#3.1.42	p#ch																					
	9002		Abrahamites, Monastery of the	ܒܝܬ ܐܒܪܗܡ		monastery	This monastery, mentioned in Joh. Eph., EH 1.15 as a place of imprisonment for miaphysite clerics, is probably identical with the monastery founded by Abraham, archbishop of Ephesus, at the start of the sixth century. It was located in Constantinople close to the Theodosian walls at the Golden Gate.	B4PXYLJC 	8	Monastery of the Abrahamites 	HX8Z36KI	338	ܒܝܬ ܐܒܪܗܡ	9KL93RUC	15; 55#3.1.15; 3.2.2	p#ch					Μονὴ τῶν Ἀβραμιτῶν	B4PXYLJC 	8	Monastère des Abramites	B4PXYLJC 	8				586							
	9003		Acoemetae, Monastery of the	ܕܝܪܐ ܕܐܩܝܡܛܘܢ		monastery	Famous for their perpetual worship, the movement of the Acoemetae (sleepless monks), founded at the start of the 5th century, settled in a monastery on the Asian side of the Bosphorus around 430. The monks were staunchly dyophysite, to such an extent that they were suspected of harbouring Nestorian sympathies and condemned in the early 530s. Nevertheless, their monastery remained important and served as a place of imprisonment for miaphysite clerics, as is mentioned in Joh. Eph., EH 1.17.	U7ZE494E	13-15	Monastery of Akoimetoi	BJFJXJJE	46	ܕܝܪܐ ܕܐܩܝܡܛܘܢ	9KL93RUC	18; 76#3.1.17; 3.2.14	p#ch					Μονὴ τῶν Ἀκοιμήτων	U7ZE494E	13	Monastère des Acémètes	U7ZE494E	13				586		520954		41.106759, 29.082797	https://pleiades.stoa.org/places/520954		
	9004		Akbas	ܐܩܒܐ		structure	Akbas was a Persian fortress on the river Batman close to Martyropolis in southern Armenia. Joh. Eph., EH 6.36, describes its capture and destruction by the Romans in 583.	7WE2F3KF	255 and 272	Akbas	7WE2F3KF	272	ܐܩܒܐ	9KL93RUC	276; 339; 340#3.6.36; 3.6.37	p#ch															576	874309	https://en.wikipedia.org/wiki/Acbas	38.263455, 41.038876	https://pleiades.stoa.org/places/874309		
	9005		Aksum			state	A kingdom in northern Ethiopia that converted to Christianity in the early 4th century. Joh. Eph., EH 4.53, holds that the inhabitants of Aksum adhered to the doctrines of Julian of Halicarnassus in the later sixth century.	N42AM4Q2	38-39	Aksum	N42AM4Q2	38-39	ܐܟܣܝܡ̈ܝܛܘܢ (people of Aksum)	9KL93RUC	239#3.4.53	p#ch																39303	https://en.wikipedia.org/wiki/Kingdom_of_Aksum	14.125005, 38.721522	https://pleiades.stoa.org/places/39303		
	9006		Alodia			state	Alodia was a Nubian kingdom located to the south of Nobadia and Makouria. Joh.Eph., EH 4.48-53, narrates the missionary work of the miaphysite bishop Longinus there in the late 570s. In 4.53 and 55, John adds that Alodia was also known under the name Ethiopia (ܐܬܝܘܦܝܐ).	N42AM4Q2	1089 (s. Nubia)	Alodia	N42AM4Q2	1089 (s. Nubia)	ܐ̈ܠܘܕܘܣ (people of Alodia)	9KL93RUC	232; 233; 234; 236; 237; 238; 239; 240; 241; 243#3.4.48; 3.4.49; 3.4.50; 3.4.51; 3.4.52; 3.4.53; 3.4.55	p#ch																	https://en.wikipedia.org/wiki/Alodia	15.523889, 32.680833	https://geohack.toolforge.org/geohack.php?pagename=Alodia&params=15_31_26_N_32_40_51_E_region:SD-07_type:landmark_source:kolossus-dewiki		
	9007		Anchialus	ܐܢܟܝܠܘܣ		settlement	Anchialus, modern Pomorie in Bulgaria, was a city in Thrace on the west coast of the Black Sea.	N42AM4Q2	71	Anchialus	N42AM4Q2	71	ܐܢܟܝܠܘܣ	9KL93RUC	277#	p#ch															2854	216702	https://en.wikipedia.org/wiki/Pomorie	42.555937, 27.641374	https://pleiades.stoa.org/places/216702		
	9008		Antioch-of-Khosrow	ܐܢܛܝܟ		settlement	The Sasanian king Khosrow built a new city close to his capital Ctesiphon for the Roman civilians he deported into his empire. Founded soon after the sack of Antioch in 540, he called it 'the better Antioch of Khosrow'. Joh. Eph., EH 6.19, reports that Roman prisoners were still brought there in the late 570s.	N42AM4Q2	1587-1588	Weh-andiog-husraw	N42AM4Q2	1587-1588	ܐܢܛܝܟ	9KL93RUC	314; 315#3.6.19	p#ch															1452		https://en.wikipedia.org/wiki/Weh_Antiok_Khosrow				
	9009		Aphum	ܦܘܡ		structure	Aphum was a fortification in the Roman-Persian border area in southern Armenia to the east of Martyropolis and the river Batman. Joh. Eph., EH 6.34, records that Maurice conquered it from the Persians in 578.	7WE2F3KF	255 and 269	Aphum	7WE2F3KF	269	ܦܘܡ	9KL93RUC	338#3.6.34	p#ch															576	874329	https://en.wikipedia.org/wiki/Aphumon	38.04186, 41.453009	https://pleiades.stoa.org/places/874329		
	9010		Arabissus	ܐܪܒܝܣܘܣ		settlement	A city in Cappadocia, it was the hometown of emperor Maurice (582-602), who embellished it with the construction of representative builidings, as is stated in Joh. Eph., EH 5.22 and 23.	BJFJXJJE	148	Arabissos	BJFJXJJE	148	ܐܪܒܝܣܘܣ	N42AM4Q2	253; 273; 274; 330#3.5.22; 3.5.23; 3.6.27	p#ch					Ἀραβισσός	BJFJXJJE	148								2763	628925	https://en.wikipedia.org/wiki/Arabissus	38.246013, 36.911673	https://pleiades.stoa.org/places/628925		
	9011		Aulai	ܐܘܠܣ		settlement	A town in Cilicia. Joh. Eph., EH 5.4, mentions that the tritheist bishop Conon lived in a female monastery there in the mid-570s.	HI7N2447	202				ܐܘܠܣ	9KL93RUC	256#3.5.4	p#ch					Αὐλαί	HI7N2447	202				Aulai	HI7N2447	202		55	648578	https://en.wikipedia.org/wiki/Aulae_(Cilicia)	36.811081, 34.701983	https://pleiades.stoa.org/places/648578		
	9012		Batman (river)	ܟܠܬ		river	The Batman, in antiquity known as Kalat in Syriac and Nymphaios in Greek, is a tributary of the Tigris. It is mentioned in Joh. Eph., EH 6.36.	5NKETXXN	VIII, 1071	Nymphaeus	5NKETXXN	VIII, 1071	ܟܠܬ	9KL93RUC	276; 339#3.6.36	p#ch					Νυμφαῖος	5NKETXXN	VIII, 1071									658553	https://en.wikipedia.org/wiki/Batman_River	37.783333, 41.016667	https://pleiades.stoa.org/places/658553		
	9013		Bithynia	ܒܝܬܘܢܝܐ		region	A region and Roman province in north-western Asia Minor.	N42AM4Q2	252	Bithynia	N42AM4Q2	252	ܒܝܬܘܢܝܐ	9KL93RUC	48#3.1.39	p#ch																511189	https://en.wikipedia.org/wiki/Bithynia	40.5628578119, 30.7201762118	https://pleiades.stoa.org/places/511189		
	9014		Cassian, Church of	ܥܕܬܐ ܕܩܣܝܢܐ		church	One of the major churches of Antioch, the church of Cassian was repeatedly restored in the 6th century and lavishly decorated by Justinian. According to Joh. Eph., EH 4.41, Damian of Alexandria attempted to consecrate a new miaphysite patriarch there in early 580, but was prevented from doing so by the Chalcedonian patriarch Gregory.	SIUIHZRW	644-650				ܥܕܬܐ ܕܩܣܝܢܐ	9KL93RUC	223#3.4.41	p#ch														10							
	9015		Cerdonianum	ܩܪܕܘܢܝܐܢ 		settlement	Joh. Eph., EH 2.46, names thus the place in Bithynia, located close to the thermal baths of Pythia, where Narses gave the 'Kathara monastery' mentioned in Joh. Eph., EH 1.39, to a group of expelled miaphysite monks from Cappadocia. The name is not attested otherwise and may be connected to the Marcionite heretic Cerdon.	89J7BUXG	653				ܩܪܕܘܢܝܐܢ	9KL93RUC	112#3.2.46	p#ch																					
	9016		Chalkoprateion, Church of the blessed Theotokos of the	ܥܕܬܐ ܕܛܘܒܢܝܬܐ ܝܠܕܬ ܐܠܗܐ ܕܟܠܩܦܪܛܝܘܢ		church	Built in the late fifth century, this church was located close to Hagia Sophia and was one of the four patriarchal churches of Constantinople. It housed one of the most important relics, the girdle of the Virgin Mary.	N42AM4Q2	397	Church of the Virgin in the Coppermarket	N42AM4Q2	397	ܥܕܬܐ ܕܛܘܒܢܝܬܐ ܝܠܕܬ ܐܠܗܐ ܕܟܠܩܦܪܛܝܘܢ	9KL93RUC	144#3.3.17	p#ch					Θεοτόκος τῶν Χαλκοπρατείων	B4PXYLJC	246	Théotocos des Chalkoproateia	B4PXYLJC	246-251				586							
	9017		Chlomaron	ܟܠܝܡܪ		structure	Chlomaron was a Persian fortress in Armenia close to the border with the Roman Empire and adjacent to the fortress of Aphum. Joh. Eph., EH 6.34, records that Maurice failed to take this fortress during his campaign in 578.	7WE2F3KF	255 and 270	Chlomaron	7WE2F3KF	270	ܟܠܝܡܪ	9KL93RUC	338#3.6.34	p#ch															576	874421		38.026197, 41.484335	https://pleiades.stoa.org/places/874421		
	9018		The Cathedral of Antioch			structure	The ecclesiastical centre of the patriarchate of Antioch, the great main church of Antioch was originally erected in the time of Constantine and underwent several restorations in the following centuries due to damage sustained in the frequent earthquakes which hit the city.	SIUIHZRW	644-650				ܥܕܬܐ	9KL93RUC	157#3.3.29	p#ch														10			https://en.wikipedia.org/wiki/Domus_Aurea_(Antioch)				
	9019		Citharizon	ܩܝܬܪܝܙ		structure	A fortress in the Roman part of Armenia close to Theodosiopolis and Persarmenia. Joh. Eph., EH 6.14, mentions this place.	7WE2F3KF	201	Citharizon	7WE2F3KF	201	ܩܝܬܪܝܙ	9KL93RUC	310; 330#3.6.14; 3.6.27	p#ch															576	874556	https://en.wikipedia.org/wiki/Citharizum	38.839058, 40.641398	https://pleiades.stoa.org/places/874556		
	9020		Condobaudos, House of	ܒܝܬ ܩܘܢܕܘܒܘܕܘ		residence	Attested in Joh. Eph., EH 2.45, this was the place where a miaphysite group opposed to the tritheist doctrines spreading in the 560s and 570s used to gather. The localisation of this place in Constantinople is unknown.	9KL93RUC	111				ܒܝܬ ܩܘܢܕܘܒܘܕܘ	9KL93RUC	111#3.2.45	p#ch														586							
	9021		Dalmatus, Monastery of	ܕܝܪܐ ܕܕܠܡܛܝܘ		monastery	The Syrian holy man Isaac erected, in 382, the first monastery in Constantinople. Isaac's successor as superior was Dalmatus, after whom the monastery was named. Its great importance is reflected by the fact that its superior was an archimandrite, who also acted as supervisor of all other monasteries in Constantinople. The monastery was a bastion of Chalcedonian orthodoxy and Joh. Eph., EH 2.9, mentions it as a place of confinement for high-ranking miaphysites in the early 570s.	BJFJXJJE	579	Dalmatou Monastery	BJFJXJJE	579	ܕܝܪܐ ܕܕܠܡܛܝܘ	9KL93RUC	70; 103#3.2.9; 3.2.38	p#ch					Μονὴ τῶν Δαλμάτου	B4PXYLJC	86	Monastère de Dalmate	B4PXYLJC	86				586							
	9022		Danube	ܕܘܢܒܝܣ ܢܗܪܐ		river	A river in central and south-eastern Europe, formerly known as the Istros. Joh. Eph., EH 6.24 and 31, mentions this river.	BJFJXJJE	586-587	Danube	BJFJXJJE	586-587	ܕܘܢܒܝܣ ܢܗܪܐ	9KL93RUC	326; 336#3.6.24; 3.6.31	p#ch																226577	https://en.wikipedia.org/wiki/Danube	47.1149830333, 15.0772312333	https://pleiades.stoa.org/places/226577		
	9023		Daphne	ܕܦܢܐ		settlement	Daphne was an opulent western suburb of Antioch. There were large residential areas and a number of important churches.	N42AM4Q2	456	Daphne-by-Antioch	N42AM4Q2	456	ܕܦܢܐ	9KL93RUC	157#3.3.29	p#ch														10		658450	https://en.wikipedia.org/wiki/Harbiye,_Antakya	36.1336355, 36.1378635	https://pleiades.stoa.org/places/658450		
	9024		Daphnudium	ܕܦܢܘܕܝܢ		settlement	This settlement, mentioned in Joh. Eph., EH 3.8, as the place of origin of Ino Anastasia, is tentatively identified with the island of Daphnusia off the Black Sea coast of Bithynia.	7K28WD3W	60	Daphnusia	7K28WD3W	60	ܕܦܢܘܕܝܢ	9KL93RUC	133; 134#3.3.8; 3.3.9	p#ch																	https://en.wikipedia.org/wiki/Kefken_Island	41.216111, 30.261111	https://geohack.toolforge.org/geohack.php?pagename=Kefken_Island&params=41_12_58_N_30_15_40_E_type:island		
	9025		Dariro, Monastery of	ܕܝܪܐ ܕܐܪܝܪܐ		monastery	A monastery founded by John of Ephesus in the mountains close to the city of Tralles during his missionary campaigns, as is narrated in Joh. Eph., EH 3.36 and 3.37. This monastery, erected on the foundations of a destroyed large pagan temple, is not attested in any other source.	9KL93RUC	119; 169				ܕܝܪܐ ܕܐܪܝܪܐ	9KL93RUC	119; 169; 171#3.3.36; 3.3.37	p#ch																					
	9026		Deuteron	ܕܘܛܪܘܢ		settlement	A quarter of Constantinople comprising those areas located to the north of the Church of the Apostles and between the walls of Constantine and those of Theodosius.	VIKP2CT3	336-340				ܐܣܛܕܘܛܪܘܢ	9KL93RUC	151#3.3.24	p#ch					τὸ Δεύτερον	VIKP2CT3	336	quartier du Deutéron	VIKP2CT3	336				586							
	9027		Dios, Monastery of	ܒܝܬ ܕܝܘܣ		monastery	Founded by a Syrian monk called Dios towards the end of the fourth century, one of the oldest monasteries in Constantinople. Its localisation is unknown, but Joh. Eph., EH 1.15, mentions that it served as a place of imprisonment for miaphysite clerics.	B4PXYLJC 	103-105	Monastery of Dios	5HFAQ3Q6	204	ܒܝܬ ܕܝܘܣ	9KL93RUC	14#3.1.15	p#ch					Μονὴ τοῦ Δίος	B4PXYLJC 	103	Monastère de Dios	B4PXYLJC 	103				586							
	9028		Dvin	ܕܐܘܝܢ		settlement	Founded in the 4th century, Dvin was the capital of Armenia. After the loss of the Armenian independence and the partition of the region between Rome and the Sasanian Empire, Dvin became the residence of the Sasanian governor of Persarmenia. Joh. Eph., EH 2.18-22, deals with the Sasanian persecution of the Armenian Christians that took place there in the early 570s.	N42AM4Q2	510	Dvin	N42AM4Q2	510	ܕܐܘܝܢ	9KL93RUC	53; 79; 85#3.2.18; 3.2.22	p#ch	ܡܕܝܢܬܢ	9KL93RUC													576	863780	https://en.wikipedia.org/wiki/Dvin_(ancient_city)	40.01185995, 44.58079045	https://pleiades.stoa.org/places/863780		
	9029		Eubulus, Hospice of	ܐܟܣܢܕܟܝܢ ܕܐܘܒܘܠܘ		hospice	Located to the north-east of Hagia Sophia, this hospice dates back to at least the start of the sixth century. Destroyed during the Nika riots in 532, it was rebuilt and served as place of confinement for John of Ephesus in 571/572, as is narrated in Joh. Eph., EH 2.4-7.	B4PXYLJC	571	Hospice of Eubulus	HX8Z36KI	284	ܐܟܣܢܕܟܝܢ ܕܐܘܒܘܠܘ	9KL93RUC	58; 65; 74#3.2.4; 3.2.6; 3.2.7; 3.2.13	p#ch					τὰ Εὐβούλου	B4PXYLJC	571							586							
	9030		Euphemia of Chalcedon (church)	ܛܘܒܢܝܬܐ ܐܘܦܝܡܝܐ		church	Having suffered martyrdom in the Galerian persecution around 303, Euphemia was venerated as saint. A church was constructed above her tomb in Chalcedon within some decades of her death. The council of Chalcedon took place in this church in 451 and it was eventually destroyed during the Persian siege of 626. Joh. Eph., EH 1.41, notes that Paul the Jew, patriarch of Antioch 519-521, had been presbyter at this church.	U7ZE494E	31-33	Church of Saint Euphemia	BJFJXJJE	747	ܛܘܒܢܝܬܐ ܐܘܦܝܡܝܐ	9KL93RUC	50#3.1.41	p#ch								Eglise Sainte-Euphémie	U7ZE494E	31				622							
	9031		Forty Martyrs, Church of the	ܥܕܬܐ ܕܐܪ̈ܒܥܝܢ ܣܗ̈ܕܐ		church	Located between the hippodrome and the forum of Constantine, this church was erected by Tiberius, as is mentioned in Joh. Eph., EH 3.24.	B4PXYLJC 	499-500				ܥܕܬܐ ܕܐܪ̈ܒܥܝܢ ܣܗ̈ܕܐ	9KL93RUC	152#3.3.24	p#ch					Τεσσαράκοντα μάρτυρες τῆς Μέσης	B4PXYLJC 	499	Eglise des Quarante-Martyrs de la Mésé	B4PXYLJC 	499				586							
	9032		Gepid kingdom	ܡܠܟܘܬܐ ܕܓܝ̈ܦܝܕܝܘܣ		state	The Gepids were an east Germanic people who, after the dissolution of the Hunnic dominion in the mid-fifth century, established an independent kingdom centred around Sirmium on the central Danube. Their kingdom was destroyed in a joint attack by Lombards and Avars in 567.	N42AM4Q2 	659	Gepids	N42AM4Q2 	659	ܡܠܟܘܬܐ ܕܓܝ̈ܦܝܕܝܘܣ	9KL93RUC	276; 326; 335#3.6.24; 3.6.30	p#ch																	https://en.wikipedia.org/wiki/Gepids				
	9033		Great Palace of Constantinople	ܦܠܛܝܢ		residence	The Great Palace was the residential complex of the East Roman emperors throughout Late Antiquity. Located at the south-eastern end of Constantinople, it consisted of several palaces and witnessed continuous building activity.	N42AM4Q2 	399-400	Great Palace of Constantinople	N42AM4Q2	399-400	ܦܠܛܝܢ	9KL93RUC	36; 48; 49; 68; 69; 70; 103; 118; 119; 124; 130; 131; 132; 133; 134; 135; 136; 138; 140; 147; 150; 152; 153; 172; 252; 255; 263; 270; 271#3.1.26; 3.1.39; 3.2.9; 3.2.38; 3.3.3; 3.3.6; 3.3.7; 3.3.9; 3.3.10; 3.3.11; 3.3.13; 3.3.14; 3.3.19; 3.3.23; 3.3.24; 3.3.26; 3.3.39; 3.5.4; 3.5.13; 3.5.14; 3.5.20	p#ch					Μέγα παλάτιος	BJFJXJJE	869-870				Großer Palast	JXLFRG5M	229	586		177059114	https://en.wikipedia.org/wiki/Great_Palace_of_Constantinople	41.0064179667, 28.9771394	https://pleiades.stoa.org/places/177059114		
	9034		Gordiason, Monastery of	ܓܘܪܕܝܣܘܢ		monastery	Joh. Eph., EH 2.46, is the earliest source to mention this monastery in Cappadocia. Its miaphysite inhabitants were forced to leave in the persecution of the 520s/530s and eventually received a new abode in Bithynia from the general Narses.	T3FTMC9G	183-184				ܓܘܪܕܝܣܘܢ	9KL93RUC	112#3.2.46	p#ch					Γορδιασόν	T3FTMC9G	183				Gordiason-Kloster	T3FTMC9G	183		2763						
	9035		Hagia Sophia (Great Church)	ܥܕܬܐ ܪܒܬܐ		church	The monumental main church of Constantinople was destroyed during the Nika riots in 532, then rebuilt by Justinian on an even greater scale. Known as the Great Church, it played a major role in imperial ceremonies throughout the Byzantine period.	BJFJXJJE	892-895	Hagia Sophia (Great Church)	BJFJXJJE	892-895	ܥܕܬܐ ܪܒܬܐ	9KL93RUC	96; 144; 172#3.2.29; 3.3.17; 3.3.39	p#ch	ܥܕܬܐ	9KL93RUC			Ἁγία Σοφία (μέγαλη ἐκκλησία)	BJFJXJJE	892-895				Hagia Sophia (Große Kirche)	JXLFRG5M	84	586		307220778	https://en.wikipedia.org/wiki/Great_Church	41.008548, 28.979938	https://pleiades.stoa.org/places/307220778/imagery-location		
	9036		Hebdomon	ܐܒܕܡܘܢ		settlement	The Hebdomon was a coastal suburb located seven miles to the west of Constantinople. In Late Antiquity, it possessed an important imperial residence and large parade grounds for the army, hence it was also referred to in Greek as πρόκενσον (prokenson). Emperors were, upon their accession, acclaimed by the army on the parade ground of the Hebdomon in the later fourth and fifth centuries.	N42AM4Q2	704	Hebdomon	N42AM4Q2 	704	ܐܒܕܡܘܢ	9KL93RUC	168; 263#3.3.35; 3.5.13	p#ch	ܦܪܩܝܢܣܘܢ	9KL93RUC			τὸ Ἕβδομον	VIKP2CT3	446	l'Hebdomon	VIKP2CT3 	447				586		521026	https://en.wikipedia.org/wiki/Bak%C4%B1rk%C3%B6y	40.976033, 28.876487	https://pleiades.stoa.org/places/521026		
	9037		Heraclea (Perinthus)	ܗܪܩܠܝܐ		settlement	Metropolis of the Late Roman province Europa in Thrace, its significance dwindled in Late Antiquity because of the rise of Constantinople which was located only 90km to the east. Joh. Eph., EH 1.9, mentions it as a place of exile for miaphysites.	BJFJXJJE	915	Herakleia in Thrace	BJFJXJJE	915	ܗܪܩܠܝܐ	9KL93RUC	8#3.1.9	p#ch																511357	https://en.wikipedia.org/wiki/Perinthus	40.971013, 27.952973	https://pleiades.stoa.org/places/511357		
	9038		Hercules, Tower of	ܦܘܪܩܣܐ ܕܗܪܩܠܝܣ		structure	Joh. Eph., EH 6.5, notes that among the Roman fortifications of Dara, there was a tower which was larger than the others, called tower of Hercules.	9KL93RUC	288				ܦܘܪܩܣܐ ܕܗܪܩܠܝܣ	9KL93RUC	288#3.6.5	p#ch														67							
	9039		Hilaras, House of	ܒܝܬ ܐܠܪܣ		structure	Name of a palace in the Zeugma quarter of Constaninople close to the Golden Horn. Joh. Eph., EH 5.18, records that the emperor Maurice gave this palace to his sister Gordia and her husband Philippicus.	9KL93RUC	269				ܒܝܬ ܐܠܪܣ	9KL93RUC	269#3.5.18	p#ch					τὰ Ἱλάρας	VIKP2CT3	357	Hilaras	VIKP2CT3	357				586							
	9040		Hippodrome of Constantinople	ܐܦܝܩܘܣ		structure	The great hippodrome of Constantinople was situated directly adjacent to the imperial palace. This was one of the few places where the people could interact with the emperor via acclamations.	N42AM4Q2	347	Circus	N42AM4Q2	346-348	ܐܦܝܩܘܣ	9KL93RUC	114; 129; 264#3.2.48; 3.3.6; 3.5.14	p#ch														586		773739435	https://en.wikipedia.org/wiki/Sultanahmet_Square	41.005444, 28.9746077	https://pleiades.stoa.org/places/773739435/location-of-hippodrome-of-constantinople		
	9041		Kathara monastery	ܕܝܪܐ ܕܩܬܪܐ		monastery	"The exact location of this monastery is uncertain. Its name is probably derived from a person called Katharas, not from the Greek ""katharos"", ""pure"" (by mistake leading to ""Monastery of the pure""). As narrated in Joh. Eph., EH 1.39 and 2.46, the monastey was founded by the general Narses in Bithynia before he set off to Italy in the early 550s, thus providing an abode for miaphysite monks who had been expelled from Cappadocia. After his death, Narses was buried in this monastery."	89J7BUXG	653-654	Kathara monastery	5HFAQ3Q6	646	ܕܝܪܐ ܕܩܬܪܐ	9KL93RUC	48#3.1.39	p#ch					Τὰ Καθαρᾶ	U7ZE494E	158	Monastère de Kathara	U7ZE494E	158	Kathara-Kloster	89J7BUXG	653								
	9042		Long Walls of Constantinople			structure	The Long Walls were erected in the early sixth century during the reign of Anastasius. They stretched 58 km from the Black Sea to the Sea of Marmara and guarded the western approach to Constantinople, more than 70 km to the west of the city.	N42AM4Q2	1577-1578	Anastasian Walls	N42AM4Q2	1577	ܫܘܪܐ ܒܪܝܐ	9KL93RUC	97; 327#3.2.30; 3.6.25	p#ch																					
	9043		Makouria			state	A kingdom located in Nubia, situated between the kingdoms of Nobadia and Alodia. Joh. Eph., EH 4.51 and 53, speaks of the people of Makouria.	N42AM4Q2	1089	Makouria	N42AM4Q2	1089	ܡܩܘܪ̈ܝܛܐ (people of Makouria)	9KL93RUC	237; 241#3.4.51; 3.4.53	p#ch																	https://en.wikipedia.org/wiki/Makuria	18.224444, 30.7425	https://geohack.toolforge.org/geohack.php?pagename=Makuria&params=18_13_28_N_30_44_33_E_		
	9044		Mareotis	ܡܪܝܘܛܐ		region	A district and town to the south-west of Alexandria, famous for its freshwater lake.	N42AM4Q2	962	Mareotis	N42AM4Q2	962	ܡܪܝܘܛܐ	9KL93RUC	189; 190#3.4.9; 3.4.10	p#ch																727154	https://en.wikipedia.org/wiki/Lake_Mariout	31.1575, 29.898889	https://pleiades.stoa.org/places/727154		
	9045		Marina palace	ܒܝܬܐ ܕܡܪܝܢܘܣ		residence	Constructed in the fifth century as residence for Marina, daughter to the emperor Arcadius, the palace became part of the imperial estate after her death. Joh. Eph., EH 3.16, records that anti-Chalcedonians used to gather there for worship.	VIKP2CT3	136				ܡܪܝܢܘܣ	9KL93RUC	118; 142#3.3.16	p#ch					τὰ Μαρίνης	VIKP2CT3	385	Palais de Marina	VIKP2CT3	385				586							
	9046		Mary of Blachernai (church)	ܒܝܬ ܡܪܬܝ ܡܪܝܐ ܕܒܠܩܪܢܐ		church	A church in north-western Constantinople. Joh. Eph., EH 2.16, mentions a priest named Comitas who was part of the clergy of this church.	BJFJXJJE	293	Basilica of the Virgin Mary of Blachernai	BJFJXJJE	293	ܒܝܬ ܡܪܬܝ ܡܪܝܐ ܕܒܠܩܪܢܐ	9KL93RUC	78#3.2.16	p#ch					Θεοτόκος τῶν Βλαχερνῶν	B4PXYLJC	169	L'église des Blachernes	B4PXYLJC	169	Theotokoskirche	JXLFRG5M	223	586		520974	https://en.wikipedia.org/wiki/Church_of_St._Mary_of_Blachernae	41.0383, 28.9425	https://pleiades.stoa.org/places/520974		
	9047		Nea Theotokos monastery	ܕܝܪܐ ܚܕܬܐ		monastery	The monumental complex of the Nea Church in Jerusalem, dedicated to the Mother of God, included a monastery and was founded by Justinian in 543. Joh. Eph., EH 1.32, mentions that Photius, stepson of Belisarius, was abbot of the monastery belonging to the church.	N42AM4Q2	811	Nea Theotokos	N42AM4Q2	811	ܕܝܪܐ ܚܕܬܐ	9KL93RUC	42; 44#3.1.31; 3.1.32	p#ch	ܕܝܪܐ ܕܚܒܝܫ ܗܘܐ ܒܗ̇	9KL93RUC												104			https://en.wikipedia.org/wiki/New_Church_of_the_Theotokos	31.773417, 35.231567	https://geohack.toolforge.org/geohack.php?pagename=New_Church_of_the_Theotokos&params=31_46_24.3_N_35_13_53.64_E_		
	9048		Nobadia			state	A kingdom in Nubia, situated between Roman Egypt and the kingdom of Makouria. Joh. Eph., EH 4.5-9, records the activities of miaphysite missionaries in Nobadia.	N42AM4Q2	1089	Nubia and the Nubians	N42AM4Q2	1089	ܢܐܒ̈ܕܘܣ (people of Nobadia)	9KL93RUC	182; 183; 184; 186; 232; 233; 234; 235; 236; 237; 238; 240; 242#3.4.5; 3.4.6; 3.4.7; 3.4.48; 3.4.49; 3.4.50; 3.4.51; 3.4.52; 3.4.53	p#ch																	https://en.wikipedia.org/wiki/Nobatia				
	9049		The Patriarchal Palace of Constantinople	ܒܝܬ ܐܦܝܣܩܦܝܘܢ		residence	The residence of the patriarchs of Constantinople was adjacent to Hagia Sophia and provided direct access to the south-western corner of the church. Joh. Eph., EH 1.18-29, mentions it as the place where he and other miaphysite bishops were imprisoned and forced to accept an edict of union with the Chalcedonians.	2XPM6DJ6	32-40	Patriarchal palace	2XPM6DJ6	33	ܒܝܬ ܐܦܝܣܩܦܝܘܢ	9KL93RUC	14; 18; 19; 23; 26; 30; 38; 39; 41; 52; 57; 58; 65; 66; 75; 76; 92; 100; 101; 109; 143; 144; 160; 201#3.1.15; 3.1.17; 3.1.18; 3.1.19; 3.1.20; 3.1.23; 3.1.28; 3.1.29; 3.1.31; 3.2.3; 3.2.4; 3.2.7; 3.2.8; 3.2.13; 3.2.14; 3.2.27; 3.2.34; 3.2.35; 3.2.42; 3.3.16; 3.3.17; 3.3.31; 3.4.15	p#ch														586		307220778		41.008548, 28.979938	https://pleiades.stoa.org/places/307220778/imagery-location		
	9050		The Patriarchal Palace of Antioch	ܒܝܬ ܐܦܝܣܩܦܝܘܢ		residence	The exact location of the episcopal residence in Antioch is unknown, yet it was in close proximity to the Great Church.	N42AM4Q2	86				ܒܝܬ ܐܦܝܣܩܦܝܘܢ	9KL93RUC	157#3.3.29	p#ch														10							
	9051		Persarmenia	ܐܪܡܢܝܐ ܪܒܬܐ ܕܦܪܣܝܐ		region	Originally an independent kingdom situated between the Roman and Sasanian Empires, Armenia was divided between the two powers in the late 4th century. Almost four-fifths came under Sasanian dominion, and this part, with Dvin as its capital, is known as Persarmenia or Sasanian Armenia. Joh. Eph., EH 2.18-22, deals with the Sasanian persecution of the Armenian Christians in the early 570s.	BJFJXJJE	175-177	Armenia (Persarmenia has not its own article), cp. Duin	BJFJXJJE	175-177	ܐܪܡܢܝܐ ܪܒܬܐ ܕܦܪܣܝܐ	9KL93RUC	53; 79; 81; 84; 85; 86; 87; 275; 297; 302; 304; 321; 330; 332; 333#3.2.18; 3.2.19; 3.2.20; 3.2.21; 3.2.22; 3.2.24; 3.6.8; 3.6.10; 3.6.11; 3.6.23; 3.6.27; 3.6.28; 3.6.29	p#ch																884120	https://en.wikipedia.org/wiki/Sasanian_Armenia	39.5, 46.5	https://pleiades.stoa.org/errata/884120		
	9052		Philae	ܦܝܠܘܢ		settlement	Located on an island in the First Nile Cataract, Philae was a major cultic centre for the goddess Isis. Traces have been unearthed that pagan rituals took place there until the mid-5th century, yet already since the early 4th century, Philae was also an episcopal see.	N42AM4Q2	1183	Philae	N42AM4Q2	1183	ܦܝܠܘܢ	9KL93RUC	189; 233#3.4.9; 3.4.10; 3.4.49	p#ch															715	786089	https://en.wikipedia.org/wiki/Philae_temple_complex	24.025031, 32.884252	https://pleiades.stoa.org/places/786089		
	9053		Placidia palace	ܒܝܬܐ ܕܦܠܩܕܝܘܣ		residence	This palace was built in the fifth century as a residence for Galla Placidia, daughter to Theodosius I. It was located in the north-western part of Constantinople, close to the Golden Horn, and later served as a residence for the apocrisiarius, the ambassador, of the bishop of Rome.	VIKP2CT3	135-136				ܒܝܬܐ ܕܦܠܩܕܝܘܣ	9KL93RUC	159; 160; 161#3.3.30; 3.3.31	p#ch					τὰ Πλακιδίας	VIKP2CT3	135	Palais de Placidia	VIKP2CT3	135				586			https://en.wikipedia.org/wiki/Placidia_Palace				
	9054		Plate	ܦܠܛܝܐ		island	The modern Yassiada, one of the Princes' Islands close to Constantinople where recalcitrant clerics were frequently sent into exile in Late Antiquity and the Byzantine period. Joh. Eph., EH 1.16, notes that the miaphysite bishop Stephen of Cyprus was maltreated there.	U7ZE494E	67	Princes' Island	BJFJXJJE	1720	ܦܠܛܝܐ	9KL93RUC	15#3.1.16	p#ch					Πλάτη	U7ZE494E	67	Plati	U7ZE494E	67				586		272860363	https://en.wikipedia.org/wiki/Yass%C4%B1ada	36.9917589062, 27.1973335804	https://pleiades.stoa.org/places/272860363		
	9055		The Praetorium of the Praetorian Prefect			structure	The residence of the Praetorian Prefect of the East, an official overseeing the administration of the whole Roman east and serving as first minister to the emperor.	N42AM4Q2	1222				ܦܪܛܘܪܝܢ ܕܦܪܛܘܪ	9KL93RUC	161; 166; 167#3.3.31; 3.3.33; 3.3.34	p#ch														586							
	9056		The Praetorium of the Urban Prefect			structure	The residence of the urban prefect in Constantinople, responsible for all aspects of government in the capital.	N42AM4Q2	1221-1222				ܦܪܛܘܪܝܢ ܕܗܘܦܪܟܐ	9KL93RUC	162; 165; 167#3.3.31; 3.3.33; 3.3.34	p#ch														586							
	9057		The Praetorium of Antioch			structure	Joh. Eph., EH 3.29 mentions that Anatolius, convicted of being a pagan, was brought to the residence of the governor of Syria Prima. The exact location of this structure in Antioch is unknown.	9KL93RUC	158				ܦܪܛܘܪܝܢ	9KL93RUC	158#3.3.29	p#ch														10							
	9058		The Praetorium of Edessa			structure	The residence of Anatolius, governor or the Roman province of Osrhoene, was in Edessa and is mentioned in Joh. Eph., EH 3.28.	9KL93RUC	156				ܦܪܛܘܪܝܢ ܕܝܠܝ	9KL93RUC	156#3.3.28	p#ch														78							
	9059		Pythia	ܦܬܝܐ 		place	Joh. Eph., EH 2.46, mentions that the Kathara monastery given to a group of expelled miaphysite monks from Cappadocia was close to the therms of Pythia in Bithynia. This was a very popular spa resort for people from Constantinople, including the imperial court, throughout the Byzantine period.	U7ZE494E	99-101	Pythia	BJFJXJJE	1760	ܦܬܝܐ 	9KL93RUC	112#3.2.46	p#ch					Πύθια	U7ZE494E	99	Pythia	U7ZE494E	99						511390	https://en.wikipedia.org/wiki/Pytheion	40.60388, 29.223869	https://pleiades.stoa.org/places/511390		
	9060		Rabbula, Monastery of	ܒܝܬ ܪܒܘܠܐ		monastery	Joh. Eph., EH 2.13, is the only source for the existence of this monastery in Late Antiquity. John Mauropous, an author of the 11th century, notes that it was founded around 490 and that it was located close to the Theodosian walls and the Gate of St Romanus (now Topkapi).	B4PXYLJC	461				ܒܝܬ ܪܒܘܠܐ	9KL93RUC	75#3.2.13	p#ch					Μονὴ τοῦ Ῥαβουλᾶ	B4PXYLJC	461	Monastère de Raboulas	B4PXYLJC	461				586							
	9061		Rhamnis, Monastery of	ܪܡܢܝܢ		monastery	According to Joh. Eph., EH 4.10, Longinus and two other bishops ordained, with the consent of Paul the Black of Antioch, Theodore as new patriarch of Alexandria in 575. Theodore was archimandrite of a monastery called Rhamnis in the Scete region south-west of Alexandria.	9KL93RUC	190				ܪܡܢܝܢ	9KL93RUC	190#3.4.10	p#ch																					
	9062		Samaria	ܫܡܪܝܢ		region	Situated to the north of Jerusalem, Samaria formed the core of the ancient kingdom of Israel. Its inhabitants, the Samaritans, preserved their religious customs in Late Antiquity and repeatedly revolted against the Roman Empire in the sixth century. Joh. Eph., EH 2.29, polemically establishes a connection between Samaritans and persecutors of Christians.	N42AM4Q2	1326-1327	Samaria	N42AM4Q2	1326	ܫܡܪܝܢ	9KL93RUC	95; 337#3.2.29; 3.6.32	p#ch																678369	https://en.wikipedia.org/wiki/Samaria	32.331417, 35.228586	https://pleiades.stoa.org/places/678369		
	9063		Samson, Hospice of	ܐܟܣܢܕܘܟܝܢ ܕܫܡܫܘܢ		hospice	One of the largest guesthouses and hospitals supporting the poor in Constantinople, it was already fully functioning at the start of Justinian's reign. Located close to Hagia Sophia, it was destroyed during the Nika riots in 532, rebuilt and further endowed by the emperor. Joh. Eph., EH 1.42, mentions that prior to his accession as patriarch, Menas of Constantinople (536-552) had been the leader of this hospice.	B4PXYLJC 	574-575	Hospice of Samson	N42AM4Q2	394	ܐܟܣܢܕܘܟܝܢ ܕܫܡܫܘܢ	9KL93RUC	51#3.1.42	p#ch					ξενοδοχεῖα τοῦ Σαμψών	B4PXYLJC 	574	Hôpital de Samson	B4PXYLJC 	574				586							
	9064		Sardis	ܣܪܕܐ		settlement	The capital of Lydia, Sardis was one of the most important cities in Asia Minor throughout Antiquity and into the Byzantine period.	BJFJXJJE	1843	Sardis	BJFJXJJE	1843	ܣܪܕܐ	9KL93RUC	15#3.1.15	p#ch					Σάρδεις	BJFJXJJE	1843									550867	https://en.wikipedia.org/wiki/Sardis	38.488314, 28.040286	https://pleiades.stoa.org/places/550867		
	9065		Semkhart	ܫܡܟܪܬ		structure	According to Joh. Eph., EH 6.35, Maurice, as commander of the Roman forces in the east, erected a fortress called Semkhart next to a mountain with the same name in the Armenian region of Sophanene in the early 580s. The place is called Samocharta in the Greek sources.	7WE2F3KF	255 and 272	Semkhart	7WE2F3KF	272	ܫܡܟܪܬ	9KL93RUC	276; 339#3.6.35	p#ch															576	874675		38.085361, 41.145452	https://pleiades.stoa.org/places/874675		
	9066		Sergius, Church of	ܒܝܬ ܛܘܒܢܐ ܡܪܝ ܣܪܓܝܣ		church	The centre of the cult of the martyr saint Sergius in Rusafa, renamed Sergiopolis, since the early 5th century. A large, representative basilica was probably erected in the early 6th century. The cult of Sergius was especially popular among the Arab tribes, as is attested in Joh. Eph., EH 6.4.	SIUIHZRW	1730-1732				ܒܝܬ ܛܘܒܢܐ ܡܪܝ ܣܪܓܝܣ	9KL93RUC	285; 286#3.6.4	p#ch														165							
	9067		Sergius and Bacchus, Church of	ܒܝܬ ܩܕܝܫܐ ܡܪܝ ܣܪܓܝܣ		church	While there is some debate as to whether Justinian started the construction of this church before or after his accession to the imperial throne in 527, it was certainly completed by the mid-530s. It was located to the south-west of the Great Palace, directly adjacent to the Hormisdas Palace. There also was a monastery which housed many miaphysite monks and clerics during the 530s and 540s.	N42AM4Q2	396-397	Church of Ss. Sergius and Bacchus	N42AM4Q2	396	ܒܝܬ ܩܕܝܫܐ ܡܪܝ ܣܪܓܝܣ	9KL93RUC	167#3.3.35	p#ch					Μονὴ τῶν ἁγίων Σεργίου καὶ Βάκχου	B4PXYLJC	466	Eglise des Saints-Serge-et-Bacchus	B4PXYLJC	466				586			https://en.wikipedia.org/wiki/Little_Hagia_Sophia	41.002778, 28.971944	https://geohack.toolforge.org/geohack.php?pagename=Little_Hagia_Sophia&params=41_00_10_N_28_58_19_E_region:TR_type:landmark		
	9068		Silentiary, Monastery of the	ܕܝܪܐ ܕܒܝܬ ܣܠܢܛܝܪܐ		monastery	This monastery, located in Constantinople, is only attested in Joh. Eph., EH 4.38. He records that the archpriest Theodosius, one of the most important miaphysite clerics in Alexandria, was imprisoned there in 579 for religious disputations with patriarch Eutychius. Theodosius died during his stay in this monastery.	9KL93RUC	218				ܕܝܪܐ ܕܒܝܬ ܣܠܢܛܝܪܐ	9KL93RUC	218#3.4.38	p#ch														586							
	9069		Sirmin	ܣܪܡܝܢ		settlement	A village 60km southeast of Antioch. John III Scholasticus, patriarch of Constantinople 565-577, hailed from this place.	SIUIHZRW	1722-1725	Sirimis	7K28WD3W	671	ܣܪܡܝܢ	9KL93RUC	6; 52#3.1.5; 3.1.42	p#ch					Σηρήμις	SIUIHZRW	1722				Seremis	SIUIHZRW	1722		486		https://en.wikipedia.org/wiki/Sarmin	35.903333, 36.725833	https://geohack.toolforge.org/geohack.php?pagename=Sarmin&params=35_54_12_N_36_43_33_E_region:SY_type:city(14530)		
	9070		Sophanene	ܒܝܬ ܨܘ̈ܦܢܝܐ		region	Sophanene was the name of a region in the southern part of Armenia, not to be confused with the neighbouring Sophene.	N42AM4Q2	140	Sophanene	N42AM4Q2	140	ܒܝܬ ܨܘ̈ܦܢܝܐ	9KL93RUC	276; 310; 331; 338; 339#3.6.14; 3.6.27; 3.6.34; 3.6.35	p#ch															576	874706		37.85837, 40.866752	https://pleiades.stoa.org/places/874706		
	9071		Theotokos in Tella, Church of the	ܗܝܟܠܐ ܪܒܐ ܘܬܩܝܦܐ ܕܝܠܕܬ ܐܠܗܐ		church	Joh. Eph., EH 6.13, notes that there was a large church dedicated to the Virgin Mary outside the city walls of Tella. It was destroyed when the Persians under Adarmahan pillaged the region in the 570s.	9KL93RUC	309				ܗܝܟܠܐ ܪܒܐ ܘܬܩܝܦܐ ܕܝܠܕܬ ܐܠܗܐ	9KL93RUC	309#3.6.13	p#ch														200							
	9072		Thessalonica	ܬܣܠܘܢܝܩܐ		settlement	One of the most important Roman cities on the Balkan peninsula, Thessalonica was provincial capital of Macedonia prima and the administrative center of the whole Illyrian prefecture. Prior to the rise of Constantinople, it was even imperial capital during parts of the 4th century.	N42AM4Q2	1491	Thessalonica	N42AM4Q2	1491	ܬܣܠܘܢܝܩܐ	9KL93RUC	57; 327#3.2.3; 3.6.25	p#ch																491741	https://en.wikipedia.org/wiki/Thessaloniki	40.628342, 22.952885	https://pleiades.stoa.org/places/491741		
	9073		Wadi Dara	ܢܗܪܐ ܕܒܝܬ ܘܫܝ		river	Joh. Eph., EH 6.26, records that the Persian army retreated to a small river after their defeat at Tella in June 582. Michael Whitby has identified this river as the Wadi Dara (also called Wadi Jarrah), a tributary of the Khabur close to Dara.	7WE2F3KF	274	Wadi Dara	7WE2F3KF	274	ܢܗܪܐ ܕܒܝܬ ܘܫܝ	9KL93RUC	329#3.6.26	p#ch															1452		https://en.wikipedia.org/wiki/Wadi_Jarrah	36.683333, 41.3	https://geohack.toolforge.org/geohack.php?pagename=Wadi_Jarrah&params=36_41_N_41_18_E_region:SY_type:river_source:GNS-enwiki		
	9074		Zeugma	ܙܘܓܡܐ		settlement	A quarter of Constantinople extending from the valley between the third and fourth hill to the Golden Horn.	VIKP2CT3	441-442				ܙܘܓܡܐ	9KL93RUC	269#3.5.18	p#ch					τὸ Ζεῦγμα	VIKP2CT3	441	Le Zeugma	VIKP2CT3	441				586							
	9075		Zeuxippus, Baths of	ܙܘܩܣܦܘܣ		structure	Situated very close to the Great Palace, Hagia Sophia and the hippodrome, the baths of Zeuxippus were the most famous public baths of Constantinople. Throughout Late Antiquity, emperors brought statues and other renowned works of art to Constantinople, many of which were put on display in the baths of Zeuxippus. The baths were burned down in 532 during the Nika riots and rebuilt by Justinian I. Joh. Eph., EH 3.24, refers to the eastern part of the city near the seashore by the name Zeuxippus, likely because of the prominence of the baths.	BJFJXJJE	2226	Zeuxippos, Baths of	BJFJXJJE	2226	ܙܘܩܣܦܘܣ	9KL93RUC	151#3.3.24	p#ch					τὸ δημόσιον λουτρὸν Ζευξίππου	JXLFRG5M	51	Bain du Zeuxippos	VIKP2CT3	222	Zeuxippos-Thermen	JXLFRG5M	51	586			https://en.wikipedia.org/wiki/Baths_of_Zeuxippus#:~:text=The%20Baths%20of%20Zeuxippus%20were,of%20Achilles%20on%20the%20earlier	41.006389, 28.975833	https://geohack.toolforge.org/geohack.php?pagename=Baths_of_Zeuxippus&params=41_00_23_N_28_58_33_E_region:TR_type:landmark_source:dewiki		
	9076		The first miaphysite diaconate in Constantinople		The first miaphysite diaconate in Constantinople	structure	Joh. Eph., EH 2.15, mentions a diaconate which was, under the leadership of a certain Thallus, run by many miaphysite clerics and monastics.	9KL93RUC	76; 77				ܕܝܩܢܝܐ	9KL93RUC	76; 77#3.2.15	p#ch														586							
	9077		The second miaphysite diaconate in Constantinople		The second miaphysite diaconate in Constantinople	structure	Joh. Eph., EH 2.16, mentions another diaconate, led by a certain Comitas, which was dissolved during the miaphysite persecution in the 570s.	9KL93RUC	78				ܕܝܩܢܝܐ ܐܚܪܬܐ	9KL93RUC	78#3.2.16	p#ch														586							
	9078		The Cancellus Prison		The Cancellus Prison	structure	Joh. Eph., EH 3.15, states that John of Ephesus was imprisoned at this place in Constantinople for 18 days during Christmas 578.	9KL93RUC	141				ܩܢܩܠܐ	9KL93RUC	141#3.3.15	p#ch														586							
	9079		The former residence of Justin II		The former residence of Justin II	structure	According to Joh. Eph., EH 3.24, Justin lived in a house in the north-west of Constantinople prior to his accession to the imperial throne. Later he erected a large palace there, for which many houses had to be torn down.	9KL93RUC	151				ܒܝܬܗ ܩܕܡܝܐ	9KL93RUC	151#3.3.24	p#ch														586							
	9080		The palace of the Arians		The palace of the Arians	structure	According to Joh. Eph., EH 5.16, the Arian inhabitants of Constantinople used to assemble in a palace or court given to them by an anonymous empress outside the city. The exact location and identity of this place remain unknown.	9KL93RUC	266				ܕܪܬܐ ܕܡܠܟܬܐ	9KL93RUC	266#3.5.16	p#ch														586							
	9081		The residence of Peter Barsymes		The residence of Peter Barsymes	structure	Joh. Eph., EH 5.18, records that Maurice presented his widowed sister Theoctista with a great mansion upon his accession. This residence had first belonged to Peter Barsymes. Its exact location in Constantinople is unknown.	9KL93RUC	269				ܒܝܬܐ ܪܒܐ ܚܕܬܐ	9KL93RUC	269#3.5.18	p#ch														586							
	9082		The thermal baths of Justin II		The thermal baths of Justin II	structure	Possibly identical with the therms of Pythia mentioned in Joh. Eph., EH 2.46.						ܚܡܝܡܬܐ	9KL93RUC	36; 37#3.1.26; 3.1.27	p#ch																					
	9083		The villa of John of Ephesus		The villa of John of Ephesus	monastery	John of Ephesus had received a villa as gift from the praepositus sacri cubiculi Callinicus. He narrates in EH 2.41 that he spent a lot of money for turning this villa into a monastery, but also that he had to give it up during the persecution of the 570s.	9KL93RUC	107; 108				ܦܪܣܛܝܘܢ ܚܕ	9KL93RUC	107; 108#3.2.41	p#ch																					
	9084		The monastery of patriarch Eutychius		The monastery of patriarch Eutychius	monastery	Eutychius spent his exile from 565 to 577 in his old monastery in Amaseia where he had dwelt prior to his accession to the patriarchate in 552.	A2A9FHUR	17	Monastery of Seleucus, Meletius and Uranius	A2A9FHUR	17	ܕܝܪܗ	9KL93RUC	97; 100#3.2.31; 3.2.35	p#ch																					
	9085		A river in Central Asia		A river in Central Asia	river	Joh. Eph., EH 6.7, records how 2000 Christian Roman women, sent as a gift by Khosrow to the Turks, decided to drown themselves in a broad river. The river might have been the Oxus or the Jaxartes in central Asia.	9KL93RUC	295-296				ܢܗܪܐ ܚܕ ܪܒܐ ܘܬܩܝܦܐ	9KL93RUC	295; 296#3.6.7	p#ch																					
	9086		The residence of Anatolius in Antioch		The residence of Anatolius in Antioch	structure	Anatolius also had a residence in Antioch where he frequently dwelt, as is mentioned in Joh. Eph., EH 3.29.	9KL93RUC	158				ܒܝܬܗ	9KL93RUC	158#3.3.29	p#ch														10							
